"","forecast","time","Model"
"1",12.5,1,"Model with Current Monash Setpoints"
"2",12.7681911555556,2,"Model with Current Monash Setpoints"
"3",13.0532512444444,3,"Model with Current Monash Setpoints"
"4",13.3269334666667,4,"Model with Current Monash Setpoints"
"5",13.5612019777778,5,"Model with Current Monash Setpoints"
"6",13.7764702,6,"Model with Current Monash Setpoints"
"7",14.0046077555556,7,"Model with Current Monash Setpoints"
"8",14.2294932888889,8,"Model with Current Monash Setpoints"
"9",14.4450419333333,9,"Model with Current Monash Setpoints"
"10",14.6513154666667,10,"Model with Current Monash Setpoints"
"11",14.8632468349206,11,"Model with Current Monash Setpoints"
"12",15.0509606793651,12,"Model with Current Monash Setpoints"
"13",15.2485972571429,13,"Model with Current Monash Setpoints"
"14",15.4195949460317,14,"Model with Current Monash Setpoints"
"15",15.6026666571429,15,"Model with Current Monash Setpoints"
"16",15.7616357460317,16,"Model with Current Monash Setpoints"
"17",15.9260925904762,17,"Model with Current Monash Setpoints"
"18",16.0660170349206,18,"Model with Current Monash Setpoints"
"19",16.2004103238095,19,"Model with Current Monash Setpoints"
"20",16.3389811015873,20,"Model with Current Monash Setpoints"
"21",16.4649705460317,21,"Model with Current Monash Setpoints"
"22",16.5883292793651,22,"Model with Current Monash Setpoints"
"23",16.7028252793651,23,"Model with Current Monash Setpoints"
"24",16.7935244793651,24,"Model with Current Monash Setpoints"
"25",16.892534568254,25,"Model with Current Monash Setpoints"
"26",16.9932683904762,26,"Model with Current Monash Setpoints"
"27",17.0968195904762,27,"Model with Current Monash Setpoints"
"28",17.1796172793651,28,"Model with Current Monash Setpoints"
"29",17.2530657238095,29,"Model with Current Monash Setpoints"
"30",17.3176681460317,30,"Model with Current Monash Setpoints"
"31",17.3766512793651,31,"Model with Current Monash Setpoints"
"32",17.4490469015873,32,"Model with Current Monash Setpoints"
"33",17.515815368254,33,"Model with Current Monash Setpoints"
"34",17.5961219904762,34,"Model with Current Monash Setpoints"
"35",17.6764554349206,35,"Model with Current Monash Setpoints"
"36",17.7398084349206,36,"Model with Current Monash Setpoints"
"37",17.8041056571428,37,"Model with Current Monash Setpoints"
"38",17.8690948126984,38,"Model with Current Monash Setpoints"
"39",17.933884568254,39,"Model with Current Monash Setpoints"
"40",17.9987186126984,40,"Model with Current Monash Setpoints"
"41",18.0608639238095,41,"Model with Current Monash Setpoints"
"42",18.1221086349206,42,"Model with Current Monash Setpoints"
"43",18.1711275015873,43,"Model with Current Monash Setpoints"
"44",18.218088168254,44,"Model with Current Monash Setpoints"
"45",18.2648451904762,45,"Model with Current Monash Setpoints"
"46",18.3126100126984,46,"Model with Current Monash Setpoints"
"47",18.3685373015873,47,"Model with Current Monash Setpoints"
"48",18.4267685904762,48,"Model with Current Monash Setpoints"
"49",18.4875579460317,49,"Model with Current Monash Setpoints"
"50",18.5503351238095,50,"Model with Current Monash Setpoints"
"51",18.6104687460317,51,"Model with Current Monash Setpoints"
"52",18.6761388793651,52,"Model with Current Monash Setpoints"
"53",18.7389728126984,53,"Model with Current Monash Setpoints"
"54",18.802155368254,54,"Model with Current Monash Setpoints"
"55",18.8581852349206,55,"Model with Current Monash Setpoints"
"56",18.9148817015873,56,"Model with Current Monash Setpoints"
"57",18.9701146571429,57,"Model with Current Monash Setpoints"
"58",19.0237474571428,58,"Model with Current Monash Setpoints"
"59",19.0674020793651,59,"Model with Current Monash Setpoints"
"60",19.1124611904762,60,"Model with Current Monash Setpoints"
"61",19.1595052571429,61,"Model with Current Monash Setpoints"
"62",19.2061599238095,62,"Model with Current Monash Setpoints"
"63",19.2539341904762,63,"Model with Current Monash Setpoints"
"64",19.3037766793651,64,"Model with Current Monash Setpoints"
"65",19.3490868349206,65,"Model with Current Monash Setpoints"
"66",19.3933683460317,66,"Model with Current Monash Setpoints"
"67",19.4386237460317,67,"Model with Current Monash Setpoints"
"68",19.4836341904762,68,"Model with Current Monash Setpoints"
"69",19.5282481904762,69,"Model with Current Monash Setpoints"
"70",19.5765061015873,70,"Model with Current Monash Setpoints"
"71",19.6243826793651,71,"Model with Current Monash Setpoints"
"72",19.6668472349206,72,"Model with Current Monash Setpoints"
"73",19.7103598126984,73,"Model with Current Monash Setpoints"
"74",19.752928368254,74,"Model with Current Monash Setpoints"
"75",19.797540168254,75,"Model with Current Monash Setpoints"
"76",19.8401354793651,76,"Model with Current Monash Setpoints"
"77",19.8833141904762,77,"Model with Current Monash Setpoints"
"78",19.9246468126984,78,"Model with Current Monash Setpoints"
"79",19.9661482349206,79,"Model with Current Monash Setpoints"
"80",20.0067787904762,80,"Model with Current Monash Setpoints"
"81",20.0474093460317,81,"Model with Current Monash Setpoints"
"82",20.0880399015873,82,"Model with Current Monash Setpoints"
"83",20.1286704571428,83,"Model with Current Monash Setpoints"
"84",20.1693010126984,84,"Model with Current Monash Setpoints"
"85",20.209931568254,85,"Model with Current Monash Setpoints"
"86",20.2505621238095,86,"Model with Current Monash Setpoints"
"87",20.2885596349206,87,"Model with Current Monash Setpoints"
"88",20.3265571460317,88,"Model with Current Monash Setpoints"
"89",20.3645546571428,89,"Model with Current Monash Setpoints"
"90",20.402552168254,90,"Model with Current Monash Setpoints"
"91",20.4405496793651,91,"Model with Current Monash Setpoints"
"92",20.4785471904762,92,"Model with Current Monash Setpoints"
"93",20.5165447015873,93,"Model with Current Monash Setpoints"
"94",20.5545422126984,94,"Model with Current Monash Setpoints"
"95",20.5925397238095,95,"Model with Current Monash Setpoints"
"96",20.6305372349206,96,"Model with Current Monash Setpoints"
"97",20.6685347460317,97,"Model with Current Monash Setpoints"
"98",20.7065322571428,98,"Model with Current Monash Setpoints"
"99",20.744529768254,99,"Model with Current Monash Setpoints"
"100",20.7825272793651,100,"Model with Current Monash Setpoints"
"101",20.8223838571428,101,"Model with Current Monash Setpoints"
"102",20.8622404349206,102,"Model with Current Monash Setpoints"
"103",20.9020970126984,103,"Model with Current Monash Setpoints"
"104",20.9419535904762,104,"Model with Current Monash Setpoints"
"105",20.981810168254,105,"Model with Current Monash Setpoints"
"106",21.0216667460317,106,"Model with Current Monash Setpoints"
"107",20.8182464025866,107,"Model with Current Monash Setpoints"
"108",20.6148260591416,108,"Model with Current Monash Setpoints"
"109",20.4114057156965,109,"Model with Current Monash Setpoints"
"110",20.2079853722514,110,"Model with Current Monash Setpoints"
"111",20.0045650288063,111,"Model with Current Monash Setpoints"
"112",19.8011446853613,112,"Model with Current Monash Setpoints"
"113",19.8410565298057,113,"Model with Current Monash Setpoints"
"114",19.8835167298057,114,"Model with Current Monash Setpoints"
"115",19.9230334186946,115,"Model with Current Monash Setpoints"
"116",19.9637134853613,116,"Model with Current Monash Setpoints"
"117",20.0037694409168,117,"Model with Current Monash Setpoints"
"118",20.0438253964724,118,"Model with Current Monash Setpoints"
"119",20.0838813520279,119,"Model with Current Monash Setpoints"
"120",20.1239373075835,120,"Model with Current Monash Setpoints"
"121",20.163993263139,121,"Model with Current Monash Setpoints"
"122",20.2040492186946,122,"Model with Current Monash Setpoints"
"123",20.2441051742501,123,"Model with Current Monash Setpoints"
"124",20.2841611298057,124,"Model with Current Monash Setpoints"
"125",20.3242170853613,125,"Model with Current Monash Setpoints"
"126",20.3642730409168,126,"Model with Current Monash Setpoints"
"127",20.4046547742501,127,"Model with Current Monash Setpoints"
"128",20.4450365075835,128,"Model with Current Monash Setpoints"
"129",20.4854182409168,129,"Model with Current Monash Setpoints"
"130",20.5257999742501,130,"Model with Current Monash Setpoints"
"131",20.5661817075835,131,"Model with Current Monash Setpoints"
"132",20.6065634409168,132,"Model with Current Monash Setpoints"
"133",20.6469451742501,133,"Model with Current Monash Setpoints"
"134",20.6873269075835,134,"Model with Current Monash Setpoints"
"135",20.7277086409168,135,"Model with Current Monash Setpoints"
"136",20.7680903742501,136,"Model with Current Monash Setpoints"
"137",20.8084721075835,137,"Model with Current Monash Setpoints"
"138",20.8488538409168,138,"Model with Current Monash Setpoints"
"139",20.8892355742501,139,"Model with Current Monash Setpoints"
"140",20.9296173075835,140,"Model with Current Monash Setpoints"
"141",20.9681507520279,141,"Model with Current Monash Setpoints"
"142",21.0066841964724,142,"Model with Current Monash Setpoints"
"143",20.8083497393137,143,"Model with Current Monash Setpoints"
"144",20.6100152821549,144,"Model with Current Monash Setpoints"
"145",20.4116808249962,145,"Model with Current Monash Setpoints"
"146",20.2133463678375,146,"Model with Current Monash Setpoints"
"147",20.0150119106788,147,"Model with Current Monash Setpoints"
"148",19.8166774535201,148,"Model with Current Monash Setpoints"
"149",19.8567939868534,149,"Model with Current Monash Setpoints"
"150",19.896053342409,150,"Model with Current Monash Setpoints"
"151",19.9370203757423,151,"Model with Current Monash Setpoints"
"152",19.9759978646312,152,"Model with Current Monash Setpoints"
"153",20.0152303979645,153,"Model with Current Monash Setpoints"
"154",20.0544629312979,154,"Model with Current Monash Setpoints"
"155",20.0936954646312,155,"Model with Current Monash Setpoints"
"156",20.1329279979645,156,"Model with Current Monash Setpoints"
"157",20.1721605312979,157,"Model with Current Monash Setpoints"
"158",20.2113930646312,158,"Model with Current Monash Setpoints"
"159",20.2506255979645,159,"Model with Current Monash Setpoints"
"160",20.2898581312979,160,"Model with Current Monash Setpoints"
"161",20.3290906646312,161,"Model with Current Monash Setpoints"
"162",20.3683231979645,162,"Model with Current Monash Setpoints"
"163",20.4110903535201,163,"Model with Current Monash Setpoints"
"164",20.4538575090756,164,"Model with Current Monash Setpoints"
"165",20.4966246646312,165,"Model with Current Monash Setpoints"
"166",20.5393918201867,166,"Model with Current Monash Setpoints"
"167",20.5821589757423,167,"Model with Current Monash Setpoints"
"168",20.6249261312979,168,"Model with Current Monash Setpoints"
"169",20.6676932868534,169,"Model with Current Monash Setpoints"
"170",20.710460442409,170,"Model with Current Monash Setpoints"
"171",20.7532275979645,171,"Model with Current Monash Setpoints"
"172",20.7959947535201,172,"Model with Current Monash Setpoints"
"173",20.8387619090756,173,"Model with Current Monash Setpoints"
"174",20.8815290646312,174,"Model with Current Monash Setpoints"
"175",20.9242962201867,175,"Model with Current Monash Setpoints"
"176",20.9670633757423,176,"Model with Current Monash Setpoints"
"177",21.0064376868534,177,"Model with Current Monash Setpoints"
"178",20.8137829485961,178,"Model with Current Monash Setpoints"
"179",20.6211282103388,179,"Model with Current Monash Setpoints"
"180",20.4284734720815,180,"Model with Current Monash Setpoints"
"181",20.2358187338242,181,"Model with Current Monash Setpoints"
"182",20.0431639955669,182,"Model with Current Monash Setpoints"
"183",19.8505092573096,183,"Model with Current Monash Setpoints"
"184",19.8890882128651,184,"Model with Current Monash Setpoints"
"185",19.9341827906429,185,"Model with Current Monash Setpoints"
"186",19.9779690128651,186,"Model with Current Monash Setpoints"
"187",20.0191642573096,187,"Model with Current Monash Setpoints"
"188",20.060359501754,188,"Model with Current Monash Setpoints"
"189",20.1015547461985,189,"Model with Current Monash Setpoints"
"190",20.1427499906429,190,"Model with Current Monash Setpoints"
"191",20.1839452350874,191,"Model with Current Monash Setpoints"
"192",20.2251404795318,192,"Model with Current Monash Setpoints"
"193",20.2663357239763,193,"Model with Current Monash Setpoints"
"194",20.3075309684207,194,"Model with Current Monash Setpoints"
"195",20.3487262128651,195,"Model with Current Monash Setpoints"
"196",20.3899214573096,196,"Model with Current Monash Setpoints"
"197",20.431116701754,197,"Model with Current Monash Setpoints"
"198",20.4709172573096,198,"Model with Current Monash Setpoints"
"199",20.5107178128651,199,"Model with Current Monash Setpoints"
"200",20.5505183684207,200,"Model with Current Monash Setpoints"
"201",20.5903189239763,201,"Model with Current Monash Setpoints"
"202",20.6301194795318,202,"Model with Current Monash Setpoints"
"203",20.6699200350874,203,"Model with Current Monash Setpoints"
"204",20.7097205906429,204,"Model with Current Monash Setpoints"
"205",20.7495211461985,205,"Model with Current Monash Setpoints"
"206",20.789321701754,206,"Model with Current Monash Setpoints"
"207",20.8291222573096,207,"Model with Current Monash Setpoints"
"208",20.8689228128651,208,"Model with Current Monash Setpoints"
"209",20.9087233684207,209,"Model with Current Monash Setpoints"
"210",20.9485239239763,210,"Model with Current Monash Setpoints"
"211",20.9883244795318,211,"Model with Current Monash Setpoints"
"212",21.0321845239763,212,"Model with Current Monash Setpoints"
"213",20.860096099282,213,"Model with Current Monash Setpoints"
"214",20.6880076745877,214,"Model with Current Monash Setpoints"
"215",20.5159192498934,215,"Model with Current Monash Setpoints"
"216",20.3438308251991,216,"Model with Current Monash Setpoints"
"217",20.1717424005048,217,"Model with Current Monash Setpoints"
"218",19.9996539758105,218,"Model with Current Monash Setpoints"
"219",20.0444578424772,219,"Model with Current Monash Setpoints"
"220",20.0892617091439,220,"Model with Current Monash Setpoints"
"221",20.1340655758105,221,"Model with Current Monash Setpoints"
"222",20.1788694424772,222,"Model with Current Monash Setpoints"
"223",20.2236733091439,223,"Model with Current Monash Setpoints"
"224",20.2684771758105,224,"Model with Current Monash Setpoints"
"225",20.3132810424772,225,"Model with Current Monash Setpoints"
"226",20.3580849091439,226,"Model with Current Monash Setpoints"
"227",20.4028887758105,227,"Model with Current Monash Setpoints"
"228",20.4476926424772,228,"Model with Current Monash Setpoints"
"229",20.4924965091438,229,"Model with Current Monash Setpoints"
"230",20.5373003758105,230,"Model with Current Monash Setpoints"
"231",20.5821042424772,231,"Model with Current Monash Setpoints"
"232",20.6269081091438,232,"Model with Current Monash Setpoints"
"233",20.6647785980327,233,"Model with Current Monash Setpoints"
"234",20.7026490869216,234,"Model with Current Monash Setpoints"
"235",20.7405195758105,235,"Model with Current Monash Setpoints"
"236",20.7783900646994,236,"Model with Current Monash Setpoints"
"237",20.8162605535883,237,"Model with Current Monash Setpoints"
"238",20.8541310424772,238,"Model with Current Monash Setpoints"
"239",20.8920015313661,239,"Model with Current Monash Setpoints"
"240",20.929872020255,240,"Model with Current Monash Setpoints"
"241",20.9677425091438,241,"Model with Current Monash Setpoints"
"242",21.0056129980327,242,"Model with Current Monash Setpoints"
"243",20.8306336418897,243,"Model with Current Monash Setpoints"
"244",20.6556542857468,244,"Model with Current Monash Setpoints"
"245",20.4806749296038,245,"Model with Current Monash Setpoints"
"246",20.3056955734608,246,"Model with Current Monash Setpoints"
"247",20.1307162173178,247,"Model with Current Monash Setpoints"
"248",19.9557368611748,248,"Model with Current Monash Setpoints"
"249",20.0015368389526,249,"Model with Current Monash Setpoints"
"250",20.0473368167304,250,"Model with Current Monash Setpoints"
"251",20.0931367945081,251,"Model with Current Monash Setpoints"
"252",20.1389367722859,252,"Model with Current Monash Setpoints"
"253",20.1847367500637,253,"Model with Current Monash Setpoints"
"254",20.2305367278415,254,"Model with Current Monash Setpoints"
"255",20.2763367056193,255,"Model with Current Monash Setpoints"
"256",20.322136683397,256,"Model with Current Monash Setpoints"
"257",20.3679366611748,257,"Model with Current Monash Setpoints"
"258",20.4137366389526,258,"Model with Current Monash Setpoints"
"259",20.4595366167304,259,"Model with Current Monash Setpoints"
"260",20.5053365945082,260,"Model with Current Monash Setpoints"
"261",20.5511365722859,261,"Model with Current Monash Setpoints"
"262",20.5969365500637,262,"Model with Current Monash Setpoints"
"263",20.6437410611748,263,"Model with Current Monash Setpoints"
"264",20.6905455722859,264,"Model with Current Monash Setpoints"
"265",20.7373500833971,265,"Model with Current Monash Setpoints"
"266",20.7841545945082,266,"Model with Current Monash Setpoints"
"267",20.8309591056193,267,"Model with Current Monash Setpoints"
"268",20.8777636167304,268,"Model with Current Monash Setpoints"
"269",20.9245681278415,269,"Model with Current Monash Setpoints"
"270",20.9713726389526,270,"Model with Current Monash Setpoints"
"271",21.0181771500637,271,"Model with Current Monash Setpoints"
"272",20.8588195538082,272,"Model with Current Monash Setpoints"
"273",20.6994619575527,273,"Model with Current Monash Setpoints"
"274",20.5401043612972,274,"Model with Current Monash Setpoints"
"275",20.3807467650417,275,"Model with Current Monash Setpoints"
"276",20.2213891687862,276,"Model with Current Monash Setpoints"
"277",20.0620315725307,277,"Model with Current Monash Setpoints"
"278",19.9026739762752,278,"Model with Current Monash Setpoints"
"279",19.9429990873863,279,"Model with Current Monash Setpoints"
"280",19.9792699762752,280,"Model with Current Monash Setpoints"
"281",20.0174467318308,281,"Model with Current Monash Setpoints"
"282",20.0556234873863,282,"Model with Current Monash Setpoints"
"283",20.0938002429419,283,"Model with Current Monash Setpoints"
"284",20.1319769984974,284,"Model with Current Monash Setpoints"
"285",20.170153754053,285,"Model with Current Monash Setpoints"
"286",20.2083305096086,286,"Model with Current Monash Setpoints"
"287",20.2465072651641,287,"Model with Current Monash Setpoints"
"288",20.2846840207197,288,"Model with Current Monash Setpoints"
"289",20.3228607762752,289,"Model with Current Monash Setpoints"
"290",20.3610375318308,290,"Model with Current Monash Setpoints"
"291",20.3992142873863,291,"Model with Current Monash Setpoints"
"292",20.4373910429419,292,"Model with Current Monash Setpoints"
"293",20.4785535984974,293,"Model with Current Monash Setpoints"
"294",20.519716154053,294,"Model with Current Monash Setpoints"
"295",20.5608787096085,295,"Model with Current Monash Setpoints"
"296",20.6020412651641,296,"Model with Current Monash Setpoints"
"297",20.6432038207197,297,"Model with Current Monash Setpoints"
"298",20.6843663762752,298,"Model with Current Monash Setpoints"
"299",20.7255289318308,299,"Model with Current Monash Setpoints"
"300",20.7666914873863,300,"Model with Current Monash Setpoints"
"301",20.8078540429419,301,"Model with Current Monash Setpoints"
"302",20.8490165984974,302,"Model with Current Monash Setpoints"
"303",20.890179154053,303,"Model with Current Monash Setpoints"
"304",20.9313417096085,304,"Model with Current Monash Setpoints"
"305",20.9725042651641,305,"Model with Current Monash Setpoints"
"306",21.0136668207196,306,"Model with Current Monash Setpoints"
"307",20.8131694354173,307,"Model with Current Monash Setpoints"
"308",20.6126720501149,308,"Model with Current Monash Setpoints"
"309",20.4121746648125,309,"Model with Current Monash Setpoints"
"310",20.2116772795102,310,"Model with Current Monash Setpoints"
"311",20.0111798942078,311,"Model with Current Monash Setpoints"
"312",19.8106825089054,312,"Model with Current Monash Setpoints"
"313",19.8537936200165,313,"Model with Current Monash Setpoints"
"314",19.8953503533499,314,"Model with Current Monash Setpoints"
"315",19.9378573089054,315,"Model with Current Monash Setpoints"
"316",19.9801432866832,316,"Model with Current Monash Setpoints"
"317",20.0244127311276,317,"Model with Current Monash Setpoints"
"318",20.0686821755721,318,"Model with Current Monash Setpoints"
"319",20.1129516200165,319,"Model with Current Monash Setpoints"
"320",20.157221064461,320,"Model with Current Monash Setpoints"
"321",20.2014905089054,321,"Model with Current Monash Setpoints"
"322",20.2457599533499,322,"Model with Current Monash Setpoints"
"323",20.2900293977943,323,"Model with Current Monash Setpoints"
"324",20.3342988422388,324,"Model with Current Monash Setpoints"
"325",20.3785682866832,325,"Model with Current Monash Setpoints"
"326",20.4228377311276,326,"Model with Current Monash Setpoints"
"327",20.4639843533499,327,"Model with Current Monash Setpoints"
"328",20.5051309755721,328,"Model with Current Monash Setpoints"
"329",20.5462775977943,329,"Model with Current Monash Setpoints"
"330",20.5874242200165,330,"Model with Current Monash Setpoints"
"331",20.6285708422388,331,"Model with Current Monash Setpoints"
"332",20.669717464461,332,"Model with Current Monash Setpoints"
"333",20.7108640866832,333,"Model with Current Monash Setpoints"
"334",20.7520107089054,334,"Model with Current Monash Setpoints"
"335",20.7931573311276,335,"Model with Current Monash Setpoints"
"336",20.8343039533499,336,"Model with Current Monash Setpoints"
"337",20.8754505755721,337,"Model with Current Monash Setpoints"
"338",20.9165971977943,338,"Model with Current Monash Setpoints"
"339",20.9577438200165,339,"Model with Current Monash Setpoints"
"340",20.9988904422387,340,"Model with Current Monash Setpoints"
"341",21.0357545533499,341,"Model with Current Monash Setpoints"
"342",20.8882663917626,342,"Model with Current Monash Setpoints"
"343",20.7407782301754,343,"Model with Current Monash Setpoints"
"344",20.5932900685882,344,"Model with Current Monash Setpoints"
"345",20.445801907001,345,"Model with Current Monash Setpoints"
"346",20.2983137454138,346,"Model with Current Monash Setpoints"
"347",20.1508255838266,347,"Model with Current Monash Setpoints"
"348",20.0033374222394,348,"Model with Current Monash Setpoints"
"349",19.8558492606522,349,"Model with Current Monash Setpoints"
"350",19.8991150162077,350,"Model with Current Monash Setpoints"
"351",19.941986149541,351,"Model with Current Monash Setpoints"
"352",19.986631549541,352,"Model with Current Monash Setpoints"
"353",20.0328840384299,353,"Model with Current Monash Setpoints"
"354",20.0791365273188,354,"Model with Current Monash Setpoints"
"355",20.1253890162077,355,"Model with Current Monash Setpoints"
"356",20.1716415050966,356,"Model with Current Monash Setpoints"
"357",20.2178939939855,357,"Model with Current Monash Setpoints"
"358",20.2641464828744,358,"Model with Current Monash Setpoints"
"359",20.3103989717633,359,"Model with Current Monash Setpoints"
"360",20.3566514606522,360,"Model with Current Monash Setpoints"
"361",20.4029039495411,361,"Model with Current Monash Setpoints"
"362",20.4491564384299,362,"Model with Current Monash Setpoints"
"363",20.4954089273188,363,"Model with Current Monash Setpoints"
"364",20.5390649273188,364,"Model with Current Monash Setpoints"
"365",20.5827209273188,365,"Model with Current Monash Setpoints"
"366",20.6263769273188,366,"Model with Current Monash Setpoints"
"367",20.6700329273188,367,"Model with Current Monash Setpoints"
"368",20.7136889273188,368,"Model with Current Monash Setpoints"
"369",20.7573449273188,369,"Model with Current Monash Setpoints"
"370",20.8010009273188,370,"Model with Current Monash Setpoints"
"371",20.8446569273188,371,"Model with Current Monash Setpoints"
"372",20.8883129273188,372,"Model with Current Monash Setpoints"
"373",20.9319689273188,373,"Model with Current Monash Setpoints"
"374",20.9756249273188,374,"Model with Current Monash Setpoints"
"375",21.0192809273188,375,"Model with Current Monash Setpoints"
"376",20.9002641549236,376,"Model with Current Monash Setpoints"
"377",20.7812473825285,377,"Model with Current Monash Setpoints"
"378",20.6622306101333,378,"Model with Current Monash Setpoints"
"379",20.5432138377381,379,"Model with Current Monash Setpoints"
"380",20.4241970653429,380,"Model with Current Monash Setpoints"
"381",20.3051802929477,381,"Model with Current Monash Setpoints"
"382",20.1861635205525,382,"Model with Current Monash Setpoints"
"383",20.0671467481574,383,"Model with Current Monash Setpoints"
"384",19.9481299757622,384,"Model with Current Monash Setpoints"
"385",19.9920686646511,385,"Model with Current Monash Setpoints"
"386",20.0368473757622,386,"Model with Current Monash Setpoints"
"387",20.0816260868733,387,"Model with Current Monash Setpoints"
"388",20.1264047979844,388,"Model with Current Monash Setpoints"
"389",20.1711835090955,389,"Model with Current Monash Setpoints"
"390",20.2159622202066,390,"Model with Current Monash Setpoints"
"391",20.2607409313177,391,"Model with Current Monash Setpoints"
"392",20.3055196424288,392,"Model with Current Monash Setpoints"
"393",20.35029835354,393,"Model with Current Monash Setpoints"
"394",20.3950770646511,394,"Model with Current Monash Setpoints"
"395",20.4398557757622,395,"Model with Current Monash Setpoints"
"396",20.4846344868733,396,"Model with Current Monash Setpoints"
"397",20.5294131979844,397,"Model with Current Monash Setpoints"
"398",20.5741919090955,398,"Model with Current Monash Setpoints"
"399",20.6140466424288,399,"Model with Current Monash Setpoints"
"400",20.6539013757622,400,"Model with Current Monash Setpoints"
"401",20.6937561090955,401,"Model with Current Monash Setpoints"
"402",20.7336108424288,402,"Model with Current Monash Setpoints"
"403",20.7734655757622,403,"Model with Current Monash Setpoints"
"404",20.8133203090955,404,"Model with Current Monash Setpoints"
"405",20.8531750424288,405,"Model with Current Monash Setpoints"
"406",20.8930297757622,406,"Model with Current Monash Setpoints"
"407",20.9328845090955,407,"Model with Current Monash Setpoints"
"408",20.9727392424288,408,"Model with Current Monash Setpoints"
"409",21.0125939757622,409,"Model with Current Monash Setpoints"
"410",20.8816905817433,410,"Model with Current Monash Setpoints"
"411",20.7507871877243,411,"Model with Current Monash Setpoints"
"412",20.6198837937054,412,"Model with Current Monash Setpoints"
"413",20.4889803996865,413,"Model with Current Monash Setpoints"
"414",20.3580770056676,414,"Model with Current Monash Setpoints"
"415",20.2271736116487,415,"Model with Current Monash Setpoints"
"416",20.0962702176298,416,"Model with Current Monash Setpoints"
"417",19.9653668236109,417,"Model with Current Monash Setpoints"
"418",20.0098696902776,418,"Model with Current Monash Setpoints"
"419",20.0543725569442,419,"Model with Current Monash Setpoints"
"420",20.0988754236109,420,"Model with Current Monash Setpoints"
"421",20.1433782902776,421,"Model with Current Monash Setpoints"
"422",20.1878811569442,422,"Model with Current Monash Setpoints"
"423",20.2323840236109,423,"Model with Current Monash Setpoints"
"424",20.2768868902776,424,"Model with Current Monash Setpoints"
"425",20.3213897569442,425,"Model with Current Monash Setpoints"
"426",20.3658926236109,426,"Model with Current Monash Setpoints"
"427",20.4103954902775,427,"Model with Current Monash Setpoints"
"428",20.4548983569442,428,"Model with Current Monash Setpoints"
"429",20.4994012236109,429,"Model with Current Monash Setpoints"
"430",20.5439040902775,430,"Model with Current Monash Setpoints"
"431",20.5884069569442,431,"Model with Current Monash Setpoints"
"432",20.6260967569442,432,"Model with Current Monash Setpoints"
"433",20.6637865569442,433,"Model with Current Monash Setpoints"
"434",20.7014763569442,434,"Model with Current Monash Setpoints"
"435",20.7391661569442,435,"Model with Current Monash Setpoints"
"436",20.7768559569442,436,"Model with Current Monash Setpoints"
"437",20.8145457569442,437,"Model with Current Monash Setpoints"
"438",20.8522355569442,438,"Model with Current Monash Setpoints"
"439",20.8899253569442,439,"Model with Current Monash Setpoints"
"440",20.9276151569442,440,"Model with Current Monash Setpoints"
"441",20.9653049569442,441,"Model with Current Monash Setpoints"
"442",21.0029947569442,442,"Model with Current Monash Setpoints"
"443",20.8563777849545,443,"Model with Current Monash Setpoints"
"444",20.7097608129648,444,"Model with Current Monash Setpoints"
"445",20.5631438409751,445,"Model with Current Monash Setpoints"
"446",20.4165268689854,446,"Model with Current Monash Setpoints"
"447",20.2699098969956,447,"Model with Current Monash Setpoints"
"448",20.1232929250059,448,"Model with Current Monash Setpoints"
"449",19.9766759530162,449,"Model with Current Monash Setpoints"
"450",20.0203182196829,450,"Model with Current Monash Setpoints"
"451",20.0639604863495,451,"Model with Current Monash Setpoints"
"452",20.1076027530162,452,"Model with Current Monash Setpoints"
"453",20.1512450196829,453,"Model with Current Monash Setpoints"
"454",20.1948872863495,454,"Model with Current Monash Setpoints"
"455",20.2385295530162,455,"Model with Current Monash Setpoints"
"456",20.2821718196829,456,"Model with Current Monash Setpoints"
"457",20.3258140863495,457,"Model with Current Monash Setpoints"
"458",20.3694563530162,458,"Model with Current Monash Setpoints"
"459",20.4130986196829,459,"Model with Current Monash Setpoints"
"460",20.4567408863495,460,"Model with Current Monash Setpoints"
"461",20.5003831530162,461,"Model with Current Monash Setpoints"
"462",20.5440254196829,462,"Model with Current Monash Setpoints"
"463",20.5876676863495,463,"Model with Current Monash Setpoints"
"464",20.6323277974606,464,"Model with Current Monash Setpoints"
"465",20.6769879085718,465,"Model with Current Monash Setpoints"
"466",20.7216480196829,466,"Model with Current Monash Setpoints"
"467",20.766308130794,467,"Model with Current Monash Setpoints"
"468",20.8109682419051,468,"Model with Current Monash Setpoints"
"469",20.8556283530162,469,"Model with Current Monash Setpoints"
"470",20.9002884641273,470,"Model with Current Monash Setpoints"
"471",20.9449485752384,471,"Model with Current Monash Setpoints"
"472",20.9896086863495,472,"Model with Current Monash Setpoints"
"473",21.0342687974606,473,"Model with Current Monash Setpoints"
"474",20.9141568243889,474,"Model with Current Monash Setpoints"
"475",20.7940448513171,475,"Model with Current Monash Setpoints"
"476",20.6739328782454,476,"Model with Current Monash Setpoints"
"477",20.5538209051737,477,"Model with Current Monash Setpoints"
"478",20.4337089321019,478,"Model with Current Monash Setpoints"
"479",20.3135969590302,479,"Model with Current Monash Setpoints"
"480",20.1934849859584,480,"Model with Current Monash Setpoints"
"481",20.0733730128867,481,"Model with Current Monash Setpoints"
"482",19.9532610398149,482,"Model with Current Monash Setpoints"
"483",19.9969169509261,483,"Model with Current Monash Setpoints"
"484",20.0398217287038,484,"Model with Current Monash Setpoints"
"485",20.0827265064816,485,"Model with Current Monash Setpoints"
"486",20.1256312842594,486,"Model with Current Monash Setpoints"
"487",20.1685360620372,487,"Model with Current Monash Setpoints"
"488",20.2114408398149,488,"Model with Current Monash Setpoints"
"489",20.2543456175927,489,"Model with Current Monash Setpoints"
"490",20.2972503953705,490,"Model with Current Monash Setpoints"
"491",20.3401551731483,491,"Model with Current Monash Setpoints"
"492",20.3830599509261,492,"Model with Current Monash Setpoints"
"493",20.4259647287038,493,"Model with Current Monash Setpoints"
"494",20.4688695064816,494,"Model with Current Monash Setpoints"
"495",20.5117742842594,495,"Model with Current Monash Setpoints"
"496",20.5546790620372,496,"Model with Current Monash Setpoints"
"497",20.5983899064816,497,"Model with Current Monash Setpoints"
"498",20.6421007509261,498,"Model with Current Monash Setpoints"
"499",20.6858115953705,499,"Model with Current Monash Setpoints"
"500",20.7295224398149,500,"Model with Current Monash Setpoints"
"501",20.7732332842594,501,"Model with Current Monash Setpoints"
"502",20.8169441287038,502,"Model with Current Monash Setpoints"
"503",20.8606549731483,503,"Model with Current Monash Setpoints"
"504",20.9043658175927,504,"Model with Current Monash Setpoints"
"505",20.9480766620372,505,"Model with Current Monash Setpoints"
"506",20.9917875064816,506,"Model with Current Monash Setpoints"
"507",21.0354983509261,507,"Model with Current Monash Setpoints"
"508",20.9083076050232,508,"Model with Current Monash Setpoints"
"509",20.7811168591204,509,"Model with Current Monash Setpoints"
"510",20.6539261132176,510,"Model with Current Monash Setpoints"
"511",20.5267353673148,511,"Model with Current Monash Setpoints"
"512",20.3995446214119,512,"Model with Current Monash Setpoints"
"513",20.2723538755091,513,"Model with Current Monash Setpoints"
"514",20.1451631296063,514,"Model with Current Monash Setpoints"
"515",20.0179723837035,515,"Model with Current Monash Setpoints"
"516",19.8907816378007,516,"Model with Current Monash Setpoints"
"517",19.9355403044673,517,"Model with Current Monash Setpoints"
"518",19.981954971134,518,"Model with Current Monash Setpoints"
"519",20.0254367266895,519,"Model with Current Monash Setpoints"
"520",20.0689184822451,520,"Model with Current Monash Setpoints"
"521",20.1124002378006,521,"Model with Current Monash Setpoints"
"522",20.1558819933562,522,"Model with Current Monash Setpoints"
"523",20.1993637489118,523,"Model with Current Monash Setpoints"
"524",20.2428455044673,524,"Model with Current Monash Setpoints"
"525",20.2863272600229,525,"Model with Current Monash Setpoints"
"526",20.3298090155784,526,"Model with Current Monash Setpoints"
"527",20.373290771134,527,"Model with Current Monash Setpoints"
"528",20.4167725266895,528,"Model with Current Monash Setpoints"
"529",20.4602542822451,529,"Model with Current Monash Setpoints"
"530",20.5037360378006,530,"Model with Current Monash Setpoints"
"531",20.547929971134,531,"Model with Current Monash Setpoints"
"532",20.5921239044673,532,"Model with Current Monash Setpoints"
"533",20.6363178378006,533,"Model with Current Monash Setpoints"
"534",20.680511771134,534,"Model with Current Monash Setpoints"
"535",20.7247057044673,535,"Model with Current Monash Setpoints"
"536",20.7688996378006,536,"Model with Current Monash Setpoints"
"537",20.813093571134,537,"Model with Current Monash Setpoints"
"538",20.8572875044673,538,"Model with Current Monash Setpoints"
"539",20.9014814378006,539,"Model with Current Monash Setpoints"
"540",20.945675371134,540,"Model with Current Monash Setpoints"
"541",20.9898693044673,541,"Model with Current Monash Setpoints"
"542",21.0340632378006,542,"Model with Current Monash Setpoints"
"543",20.8417124008047,543,"Model with Current Monash Setpoints"
"544",20.6493615638088,544,"Model with Current Monash Setpoints"
"545",20.4570107268129,545,"Model with Current Monash Setpoints"
"546",20.2646598898171,546,"Model with Current Monash Setpoints"
"547",20.0723090528212,547,"Model with Current Monash Setpoints"
"548",19.8799582158253,548,"Model with Current Monash Setpoints"
"549",19.9188683602697,549,"Model with Current Monash Setpoints"
"550",19.9590072491586,550,"Model with Current Monash Setpoints"
"551",20.0024805602697,551,"Model with Current Monash Setpoints"
"552",20.0459538713808,552,"Model with Current Monash Setpoints"
"553",20.0894271824919,553,"Model with Current Monash Setpoints"
"554",20.132900493603,554,"Model with Current Monash Setpoints"
"555",20.1763738047142,555,"Model with Current Monash Setpoints"
"556",20.2198471158253,556,"Model with Current Monash Setpoints"
"557",20.2633204269364,557,"Model with Current Monash Setpoints"
"558",20.3067937380475,558,"Model with Current Monash Setpoints"
"559",20.3502670491586,559,"Model with Current Monash Setpoints"
"560",20.3937403602697,560,"Model with Current Monash Setpoints"
"561",20.4372136713808,561,"Model with Current Monash Setpoints"
"562",20.4806869824919,562,"Model with Current Monash Setpoints"
"563",20.5213245380475,563,"Model with Current Monash Setpoints"
"564",20.561962093603,564,"Model with Current Monash Setpoints"
"565",20.6025996491586,565,"Model with Current Monash Setpoints"
"566",20.6432372047142,566,"Model with Current Monash Setpoints"
"567",20.6838747602697,567,"Model with Current Monash Setpoints"
"568",20.7245123158253,568,"Model with Current Monash Setpoints"
"569",20.7651498713808,569,"Model with Current Monash Setpoints"
"570",20.8057874269364,570,"Model with Current Monash Setpoints"
"571",20.8464249824919,571,"Model with Current Monash Setpoints"
"572",20.8870625380475,572,"Model with Current Monash Setpoints"
"573",20.927700093603,573,"Model with Current Monash Setpoints"
"574",20.9683376491586,574,"Model with Current Monash Setpoints"
"575",21.0089752047142,575,"Model with Current Monash Setpoints"
"576",20.8105639164459,576,"Model with Current Monash Setpoints"
"577",20.6121526281777,577,"Model with Current Monash Setpoints"
"578",20.4137413399095,578,"Model with Current Monash Setpoints"
"579",20.2153300516412,579,"Model with Current Monash Setpoints"
"580",20.016918763373,580,"Model with Current Monash Setpoints"
"581",19.8185074751048,581,"Model with Current Monash Setpoints"
"582",19.858556497327,582,"Model with Current Monash Setpoints"
"583",19.8987638084381,583,"Model with Current Monash Setpoints"
"584",19.9398508751048,584,"Model with Current Monash Setpoints"
"585",19.9831479639936,585,"Model with Current Monash Setpoints"
"586",20.0266399862159,586,"Model with Current Monash Setpoints"
"587",20.0701320084381,587,"Model with Current Monash Setpoints"
"588",20.1136240306603,588,"Model with Current Monash Setpoints"
"589",20.1571160528825,589,"Model with Current Monash Setpoints"
"590",20.2006080751047,590,"Model with Current Monash Setpoints"
"591",20.244100097327,591,"Model with Current Monash Setpoints"
"592",20.2875921195492,592,"Model with Current Monash Setpoints"
"593",20.3310841417714,593,"Model with Current Monash Setpoints"
"594",20.3745761639936,594,"Model with Current Monash Setpoints"
"595",20.4180681862159,595,"Model with Current Monash Setpoints"
"596",20.4572964528825,596,"Model with Current Monash Setpoints"
"597",20.4965247195492,597,"Model with Current Monash Setpoints"
"598",20.5357529862159,598,"Model with Current Monash Setpoints"
"599",20.5749812528825,599,"Model with Current Monash Setpoints"
"600",20.6142095195492,600,"Model with Current Monash Setpoints"
"601",20.6534377862158,601,"Model with Current Monash Setpoints"
"602",20.6926660528825,602,"Model with Current Monash Setpoints"
"603",20.7318943195492,603,"Model with Current Monash Setpoints"
"604",20.7711225862158,604,"Model with Current Monash Setpoints"
"605",20.8103508528825,605,"Model with Current Monash Setpoints"
"606",20.8495791195492,606,"Model with Current Monash Setpoints"
"607",20.8888073862158,607,"Model with Current Monash Setpoints"
"608",20.9280356528825,608,"Model with Current Monash Setpoints"
"609",20.9672639195492,609,"Model with Current Monash Setpoints"
"610",21.0082887417714,610,"Model with Current Monash Setpoints"
"611",20.822034235772,611,"Model with Current Monash Setpoints"
"612",20.6357797297726,612,"Model with Current Monash Setpoints"
"613",20.4495252237733,613,"Model with Current Monash Setpoints"
"614",20.2632707177739,614,"Model with Current Monash Setpoints"
"615",20.0770162117745,615,"Model with Current Monash Setpoints"
"616",19.8907617057751,616,"Model with Current Monash Setpoints"
"617",19.9294316835529,617,"Model with Current Monash Setpoints"
"618",19.9723975279973,618,"Model with Current Monash Setpoints"
"619",20.0169884168862,619,"Model with Current Monash Setpoints"
"620",20.0615793057751,620,"Model with Current Monash Setpoints"
"621",20.106170194664,621,"Model with Current Monash Setpoints"
"622",20.1507610835529,622,"Model with Current Monash Setpoints"
"623",20.1953519724418,623,"Model with Current Monash Setpoints"
"624",20.2399428613307,624,"Model with Current Monash Setpoints"
"625",20.2845337502196,625,"Model with Current Monash Setpoints"
"626",20.3291246391084,626,"Model with Current Monash Setpoints"
"627",20.3737155279973,627,"Model with Current Monash Setpoints"
"628",20.4183064168862,628,"Model with Current Monash Setpoints"
"629",20.4628973057751,629,"Model with Current Monash Setpoints"
"630",20.507488194664,630,"Model with Current Monash Setpoints"
"631",20.5478484613307,631,"Model with Current Monash Setpoints"
"632",20.5882087279973,632,"Model with Current Monash Setpoints"
"633",20.628568994664,633,"Model with Current Monash Setpoints"
"634",20.6689292613307,634,"Model with Current Monash Setpoints"
"635",20.7092895279973,635,"Model with Current Monash Setpoints"
"636",20.749649794664,636,"Model with Current Monash Setpoints"
"637",20.7900100613307,637,"Model with Current Monash Setpoints"
"638",20.8303703279973,638,"Model with Current Monash Setpoints"
"639",20.870730594664,639,"Model with Current Monash Setpoints"
"640",20.9110908613307,640,"Model with Current Monash Setpoints"
"641",20.9514511279973,641,"Model with Current Monash Setpoints"
"642",20.991811394664,642,"Model with Current Monash Setpoints"
"643",21.0321716613307,643,"Model with Current Monash Setpoints"
"644",20.8304574407512,644,"Model with Current Monash Setpoints"
"645",20.6287432201717,645,"Model with Current Monash Setpoints"
"646",20.4270289995923,646,"Model with Current Monash Setpoints"
"647",20.2253147790128,647,"Model with Current Monash Setpoints"
"648",20.0236005584334,648,"Model with Current Monash Setpoints"
"649",19.8218863378539,649,"Model with Current Monash Setpoints"
"650",19.8643089600761,650,"Model with Current Monash Setpoints"
"651",19.9045638711872,651,"Model with Current Monash Setpoints"
"652",19.9432551378539,652,"Model with Current Monash Setpoints"
"653",19.986516248965,653,"Model with Current Monash Setpoints"
"654",20.0252888934095,654,"Model with Current Monash Setpoints"
"655",20.0640615378539,655,"Model with Current Monash Setpoints"
"656",20.1028341822984,656,"Model with Current Monash Setpoints"
"657",20.1416068267428,657,"Model with Current Monash Setpoints"
"658",20.1803794711873,658,"Model with Current Monash Setpoints"
"659",20.2191521156317,659,"Model with Current Monash Setpoints"
"660",20.2579247600762,660,"Model with Current Monash Setpoints"
"715",12.4249248024827,55,"Optimised Model"
"716",12.6666842691494,56,"Optimised Model"
"717",12.908443735816,57,"Optimised Model"
"718",13.1502032024827,58,"Optimised Model"
"719",13.3919626691494,59,"Optimised Model"
"720",13.633722135816,60,"Optimised Model"
"721",13.8754816024827,61,"Optimised Model"
"722",14.1172410691494,62,"Optimised Model"
"723",14.3590005358161,63,"Optimised Model"
"724",14.6007600024827,64,"Optimised Model"
"725",14.8425194691494,65,"Optimised Model"
"726",15.0842789358161,66,"Optimised Model"
"727",15.3260384024827,67,"Optimised Model"
"728",15.5677978691494,68,"Optimised Model"
"729",15.7315620247049,69,"Optimised Model"
"730",15.8953261802605,70,"Optimised Model"
"731",16.0590903358161,71,"Optimised Model"
"732",16.2228544913716,72,"Optimised Model"
"733",16.3866186469272,73,"Optimised Model"
"734",16.5503828024827,74,"Optimised Model"
"735",16.7141469580383,75,"Optimised Model"
"736",16.8779111135938,76,"Optimised Model"
"737",17.0416752691494,77,"Optimised Model"
"738",17.2054394247049,78,"Optimised Model"
"739",17.3692035802605,79,"Optimised Model"
"740",17.532967735816,80,"Optimised Model"
"741",17.6967318913716,81,"Optimised Model"
"742",17.8604960469272,82,"Optimised Model"
"743",18.0242602024827,83,"Optimised Model"
"744",18.0784287802605,84,"Optimised Model"
"745",18.1325973580383,85,"Optimised Model"
"746",18.186765935816,86,"Optimised Model"
"747",18.2409345135938,87,"Optimised Model"
"748",18.2951030913716,88,"Optimised Model"
"749",18.3492716691494,89,"Optimised Model"
"750",18.4034402469271,90,"Optimised Model"
"751",18.4576088247049,91,"Optimised Model"
"752",18.5117774024827,92,"Optimised Model"
"753",18.5659459802605,93,"Optimised Model"
"754",18.6201145580383,94,"Optimised Model"
"755",18.674283135816,95,"Optimised Model"
"756",18.7284517135938,96,"Optimised Model"
"757",18.7826202913716,97,"Optimised Model"
"758",18.8367888691494,98,"Optimised Model"
"759",18.8983303135938,99,"Optimised Model"
"760",18.9598717580382,100,"Optimised Model"
"761",19.0214132024827,101,"Optimised Model"
"762",19.0829546469271,102,"Optimised Model"
"763",19.1444960913716,103,"Optimised Model"
"764",19.206037535816,104,"Optimised Model"
"765",19.2675789802605,105,"Optimised Model"
"766",19.3291204247049,106,"Optimised Model"
"767",19.3906618691494,107,"Optimised Model"
"768",19.4522033135938,108,"Optimised Model"
"769",19.5137447580382,109,"Optimised Model"
"770",19.5752862024827,110,"Optimised Model"
"771",19.6368276469271,111,"Optimised Model"
"772",19.6983690913716,112,"Optimised Model"
"773",19.759910535816,113,"Optimised Model"
"774",19.804024719943,114,"Optimised Model"
"775",19.84813890407,115,"Optimised Model"
"776",19.892253088197,116,"Optimised Model"
"777",19.9363672723239,117,"Optimised Model"
"778",19.9796032723239,118,"Optimised Model"
"779",20.0207168278795,119,"Optimised Model"
"780",20.0618303834351,120,"Optimised Model"
"781",20.1029439389906,121,"Optimised Model"
"782",20.1440574945462,122,"Optimised Model"
"783",20.1851710501017,123,"Optimised Model"
"784",20.2262846056573,124,"Optimised Model"
"785",20.2673981612128,125,"Optimised Model"
"786",20.3085117167684,126,"Optimised Model"
"787",20.3496252723239,127,"Optimised Model"
"788",20.3907388278795,128,"Optimised Model"
"789",20.4318523834351,129,"Optimised Model"
"790",20.4729659389906,130,"Optimised Model"
"791",20.5140794945462,131,"Optimised Model"
"792",20.5551930501017,132,"Optimised Model"
"793",20.5934116183557,133,"Optimised Model"
"794",20.6316301866096,134,"Optimised Model"
"795",20.6698487548636,135,"Optimised Model"
"796",20.7080673231176,136,"Optimised Model"
"797",20.7462858913715,137,"Optimised Model"
"798",20.7845044596255,138,"Optimised Model"
"799",20.8227230278795,139,"Optimised Model"
"800",20.8609415961335,140,"Optimised Model"
"801",20.8991601643874,141,"Optimised Model"
"802",20.9373787326414,142,"Optimised Model"
"803",20.9755973008954,143,"Optimised Model"
"804",21.0138158691493,144,"Optimised Model"
"805",20.8190519768574,145,"Optimised Model"
"806",20.6242880845654,146,"Optimised Model"
"807",20.4295241922735,147,"Optimised Model"
"808",20.2347602999815,148,"Optimised Model"
"809",20.0399964076896,149,"Optimised Model"
"810",19.8452325153976,150,"Optimised Model"
"811",19.8849261820643,151,"Optimised Model"
"812",19.9239986487309,152,"Optimised Model"
"813",19.9630227820643,153,"Optimised Model"
"814",20.0018725820643,154,"Optimised Model"
"815",20.0407223820643,155,"Optimised Model"
"816",20.0795721820643,156,"Optimised Model"
"817",20.1184219820643,157,"Optimised Model"
"818",20.1572717820643,158,"Optimised Model"
"819",20.1961215820643,159,"Optimised Model"
"820",20.2349713820643,160,"Optimised Model"
"821",20.2738211820643,161,"Optimised Model"
"822",20.3126709820643,162,"Optimised Model"
"823",20.3515207820643,163,"Optimised Model"
"824",20.3903705820643,164,"Optimised Model"
"825",20.4310156709532,165,"Optimised Model"
"826",20.4716607598421,166,"Optimised Model"
"827",20.512305848731,167,"Optimised Model"
"828",20.5529509376199,168,"Optimised Model"
"829",20.5935960265087,169,"Optimised Model"
"830",20.6342411153976,170,"Optimised Model"
"831",20.6748862042865,171,"Optimised Model"
"832",20.7155312931754,172,"Optimised Model"
"833",20.7561763820643,173,"Optimised Model"
"834",20.7968214709532,174,"Optimised Model"
"835",20.8374665598421,175,"Optimised Model"
"836",20.878111648731,176,"Optimised Model"
"837",20.9187567376199,177,"Optimised Model"
"838",20.9594018265088,178,"Optimised Model"
"839",20.999221448731,179,"Optimised Model"
"840",21.0390410709532,180,"Optimised Model"
"841",20.8469503938299,181,"Optimised Model"
"842",20.6548597167065,182,"Optimised Model"
"843",20.4627690395832,183,"Optimised Model"
"844",20.2706783624599,184,"Optimised Model"
"845",20.0785876853365,185,"Optimised Model"
"846",19.8864970082132,186,"Optimised Model"
"847",19.9306047193243,187,"Optimised Model"
"848",19.9699601637688,188,"Optimised Model"
"849",20.0175426304354,189,"Optimised Model"
"850",20.0651250971021,190,"Optimised Model"
"851",20.1127075637688,191,"Optimised Model"
"852",20.1602900304354,192,"Optimised Model"
"853",20.2078724971021,193,"Optimised Model"
"854",20.2554549637688,194,"Optimised Model"
"855",20.3030374304354,195,"Optimised Model"
"856",20.3506198971021,196,"Optimised Model"
"857",20.3982023637688,197,"Optimised Model"
"858",20.4457848304354,198,"Optimised Model"
"859",20.4933672971021,199,"Optimised Model"
"860",20.5409497637688,200,"Optimised Model"
"861",20.5863847637688,201,"Optimised Model"
"862",20.6318197637688,202,"Optimised Model"
"863",20.6772547637688,203,"Optimised Model"
"864",20.7226897637688,204,"Optimised Model"
"865",20.7681247637688,205,"Optimised Model"
"866",20.8135597637688,206,"Optimised Model"
"867",20.8589947637688,207,"Optimised Model"
"868",20.9044297637688,208,"Optimised Model"
"869",20.9498647637688,209,"Optimised Model"
"870",20.9952997637688,210,"Optimised Model"
"871",21.0407347637688,211,"Optimised Model"
"872",20.8704947250978,212,"Optimised Model"
"873",20.7002546864269,213,"Optimised Model"
"874",20.5300146477559,214,"Optimised Model"
"875",20.359774609085,215,"Optimised Model"
"876",20.189534570414,216,"Optimised Model"
"877",20.0192945317431,217,"Optimised Model"
"878",19.8490544930721,218,"Optimised Model"
"879",19.890601381961,219,"Optimised Model"
"880",19.9336331375166,220,"Optimised Model"
"881",19.9821365597388,221,"Optimised Model"
"882",20.031286381961,222,"Optimised Model"
"883",20.0804362041833,223,"Optimised Model"
"884",20.1295860264055,224,"Optimised Model"
"885",20.1787358486277,225,"Optimised Model"
"886",20.2278856708499,226,"Optimised Model"
"887",20.2770354930721,227,"Optimised Model"
"888",20.3261853152944,228,"Optimised Model"
"889",20.3753351375166,229,"Optimised Model"
"890",20.4244849597388,230,"Optimised Model"
"891",20.473634781961,231,"Optimised Model"
"892",20.5227846041833,232,"Optimised Model"
"893",20.5624719375166,233,"Optimised Model"
"894",20.6021592708499,234,"Optimised Model"
"895",20.6418466041833,235,"Optimised Model"
"896",20.6815339375166,236,"Optimised Model"
"897",20.7212212708499,237,"Optimised Model"
"898",20.7609086041833,238,"Optimised Model"
"899",20.8005959375166,239,"Optimised Model"
"900",20.8402832708499,240,"Optimised Model"
"901",20.8799706041833,241,"Optimised Model"
"902",20.9196579375166,242,"Optimised Model"
"903",20.9593452708499,243,"Optimised Model"
"904",20.9990326041833,244,"Optimised Model"
"905",21.0387199375166,245,"Optimised Model"
"906",20.8649367916386,246,"Optimised Model"
"907",20.6911536457605,247,"Optimised Model"
"908",20.5173704998825,248,"Optimised Model"
"909",20.3435873540045,249,"Optimised Model"
"910",20.1698042081264,250,"Optimised Model"
"911",19.9960210622484,251,"Optimised Model"
"912",20.0376035733595,252,"Optimised Model"
"913",20.0791860844706,253,"Optimised Model"
"914",20.1207685955817,254,"Optimised Model"
"915",20.1623511066928,255,"Optimised Model"
"916",20.203933617804,256,"Optimised Model"
"917",20.2455161289151,257,"Optimised Model"
"918",20.2870986400262,258,"Optimised Model"
"919",20.3286811511373,259,"Optimised Model"
"920",20.3702636622484,260,"Optimised Model"
"921",20.4118461733595,261,"Optimised Model"
"922",20.4534286844706,262,"Optimised Model"
"923",20.4950111955817,263,"Optimised Model"
"924",20.5365937066929,264,"Optimised Model"
"925",20.578176217804,265,"Optimised Model"
"926",20.6204873066929,266,"Optimised Model"
"927",20.6627983955817,267,"Optimised Model"
"928",20.7051094844706,268,"Optimised Model"
"929",20.7474205733595,269,"Optimised Model"
"930",20.7897316622484,270,"Optimised Model"
"931",20.8320427511373,271,"Optimised Model"
"932",20.8743538400262,272,"Optimised Model"
"933",20.9166649289151,273,"Optimised Model"
"934",20.958976017804,274,"Optimised Model"
"935",21.0012871066929,275,"Optimised Model"
"936",20.844327735242,276,"Optimised Model"
"937",20.6873683637912,277,"Optimised Model"
"938",20.5304089923403,278,"Optimised Model"
"939",20.3734496208895,279,"Optimised Model"
"940",20.2164902494386,280,"Optimised Model"
"941",20.0595308779878,281,"Optimised Model"
"942",19.902571506537,282,"Optimised Model"
"943",19.9405953509814,283,"Optimised Model"
"944",19.9806298398703,284,"Optimised Model"
"945",20.018863106537,285,"Optimised Model"
"946",20.0570963732036,286,"Optimised Model"
"947",20.0953296398703,287,"Optimised Model"
"948",20.1335629065369,288,"Optimised Model"
"949",20.1717961732036,289,"Optimised Model"
"950",20.2100294398703,290,"Optimised Model"
"951",20.2482627065369,291,"Optimised Model"
"952",20.2864959732036,292,"Optimised Model"
"953",20.3247292398703,293,"Optimised Model"
"954",20.3629625065369,294,"Optimised Model"
"955",20.4011957732036,295,"Optimised Model"
"956",20.4394290398703,296,"Optimised Model"
"957",20.4787121287592,297,"Optimised Model"
"958",20.5179952176481,298,"Optimised Model"
"959",20.5572783065369,299,"Optimised Model"
"960",20.5965613954258,300,"Optimised Model"
"961",20.6358444843147,301,"Optimised Model"
"962",20.6751275732036,302,"Optimised Model"
"963",20.7144106620925,303,"Optimised Model"
"964",20.7536937509814,304,"Optimised Model"
"965",20.7929768398703,305,"Optimised Model"
"966",20.8322599287592,306,"Optimised Model"
"967",20.8715430176481,307,"Optimised Model"
"968",20.910826106537,308,"Optimised Model"
"969",20.9501091954258,309,"Optimised Model"
"970",20.9893922843147,310,"Optimised Model"
"971",21.0332247509814,311,"Optimised Model"
"972",20.8322491804442,312,"Optimised Model"
"973",20.6312736099071,313,"Optimised Model"
"974",20.4302980393699,314,"Optimised Model"
"975",20.2293224688328,315,"Optimised Model"
"976",20.0283468982956,316,"Optimised Model"
"977",19.8273713277584,317,"Optimised Model"
"978",19.8707269055362,318,"Optimised Model"
"979",19.9142381277584,319,"Optimised Model"
"980",19.959144283314,320,"Optimised Model"
"981",20.0036993722029,321,"Optimised Model"
"982",20.0482544610918,322,"Optimised Model"
"983",20.0928095499807,323,"Optimised Model"
"984",20.1373646388695,324,"Optimised Model"
"985",20.1819197277584,325,"Optimised Model"
"986",20.2264748166473,326,"Optimised Model"
"987",20.2710299055362,327,"Optimised Model"
"988",20.3155849944251,328,"Optimised Model"
"989",20.360140083314,329,"Optimised Model"
"990",20.4046951722029,330,"Optimised Model"
"991",20.4492502610918,331,"Optimised Model"
"992",20.4854218388695,332,"Optimised Model"
"993",20.5215934166473,333,"Optimised Model"
"994",20.5577649944251,334,"Optimised Model"
"995",20.5939365722029,335,"Optimised Model"
"996",20.6301081499807,336,"Optimised Model"
"997",20.6662797277584,337,"Optimised Model"
"998",20.7024513055362,338,"Optimised Model"
"999",20.738622883314,339,"Optimised Model"
"1000",20.7747944610918,340,"Optimised Model"
"1001",20.8109660388696,341,"Optimised Model"
"1002",20.8471376166473,342,"Optimised Model"
"1003",20.8833091944251,343,"Optimised Model"
"1004",20.9194807722029,344,"Optimised Model"
"1005",20.9556523499807,345,"Optimised Model"
"1006",20.9940943722029,346,"Optimised Model"
"1007",21.0325363944251,347,"Optimised Model"
"1008",20.8976726663926,348,"Optimised Model"
"1009",20.7628089383601,349,"Optimised Model"
"1010",20.6279452103276,350,"Optimised Model"
"1011",20.4930814822951,351,"Optimised Model"
"1012",20.3582177542626,352,"Optimised Model"
"1013",20.2233540262301,353,"Optimised Model"
"1014",20.0884902981976,354,"Optimised Model"
"1015",19.9536265701651,355,"Optimised Model"
"1016",19.9972361034984,356,"Optimised Model"
"1017",20.0418527923873,357,"Optimised Model"
"1018",20.0864694812762,358,"Optimised Model"
"1019",20.1310861701651,359,"Optimised Model"
"1020",20.175702859054,360,"Optimised Model"
"1021",20.2203195479429,361,"Optimised Model"
"1022",20.2649362368317,362,"Optimised Model"
"1023",20.3095529257206,363,"Optimised Model"
"1024",20.3541696146095,364,"Optimised Model"
"1025",20.3987863034984,365,"Optimised Model"
"1026",20.4434029923873,366,"Optimised Model"
"1027",20.4880196812762,367,"Optimised Model"
"1028",20.5326363701651,368,"Optimised Model"
"1029",20.577253059054,369,"Optimised Model"
"1030",20.6200895701651,370,"Optimised Model"
"1031",20.6629260812762,371,"Optimised Model"
"1032",20.7057625923873,372,"Optimised Model"
"1033",20.7485991034984,373,"Optimised Model"
"1034",20.7914356146095,374,"Optimised Model"
"1035",20.8342721257206,375,"Optimised Model"
"1036",20.8771086368318,376,"Optimised Model"
"1037",20.9199451479429,377,"Optimised Model"
"1038",20.962781659054,378,"Optimised Model"
"1039",21.0056181701651,379,"Optimised Model"
"1040",20.8776088318899,380,"Optimised Model"
"1041",20.7495994936147,381,"Optimised Model"
"1042",20.6215901553395,382,"Optimised Model"
"1043",20.4935808170643,383,"Optimised Model"
"1044",20.3655714787891,384,"Optimised Model"
"1045",20.2375621405139,385,"Optimised Model"
"1046",20.1095528022388,386,"Optimised Model"
"1047",19.9815434639636,387,"Optimised Model"
"1048",20.0254211972969,388,"Optimised Model"
"1049",20.0692989306302,389,"Optimised Model"
"1050",20.1131766639636,390,"Optimised Model"
"1051",20.1570543972969,391,"Optimised Model"
"1052",20.2009321306302,392,"Optimised Model"
"1053",20.2448098639636,393,"Optimised Model"
"1054",20.2886875972969,394,"Optimised Model"
"1055",20.3325653306302,395,"Optimised Model"
"1056",20.3764430639636,396,"Optimised Model"
"1057",20.4203207972969,397,"Optimised Model"
"1058",20.4641985306302,398,"Optimised Model"
"1059",20.5080762639635,399,"Optimised Model"
"1060",20.5519539972969,400,"Optimised Model"
"1061",20.5958317306302,401,"Optimised Model"
"1062",20.6366998417413,402,"Optimised Model"
"1063",20.6775679528524,403,"Optimised Model"
"1064",20.7184360639636,404,"Optimised Model"
"1065",20.7593041750747,405,"Optimised Model"
"1066",20.8001722861858,406,"Optimised Model"
"1067",20.8410403972969,407,"Optimised Model"
"1068",20.881908508408,408,"Optimised Model"
"1069",20.9227766195191,409,"Optimised Model"
"1070",20.9636447306302,410,"Optimised Model"
"1071",21.0045128417413,411,"Optimised Model"
"1072",20.8731221452221,412,"Optimised Model"
"1073",20.7417314487028,413,"Optimised Model"
"1074",20.6103407521835,414,"Optimised Model"
"1075",20.4789500556643,415,"Optimised Model"
"1076",20.347559359145,416,"Optimised Model"
"1077",20.2161686626257,417,"Optimised Model"
"1078",20.0847779661065,418,"Optimised Model"
"1079",19.9533872695872,419,"Optimised Model"
"1080",19.9975835584761,420,"Optimised Model"
"1081",20.0422269584761,421,"Optimised Model"
"1082",20.0868703584761,422,"Optimised Model"
"1083",20.1315137584761,423,"Optimised Model"
"1084",20.1761571584761,424,"Optimised Model"
"1085",20.2208005584761,425,"Optimised Model"
"1086",20.2654439584761,426,"Optimised Model"
"1087",20.3100873584761,427,"Optimised Model"
"1088",20.3547307584761,428,"Optimised Model"
"1089",20.3993741584761,429,"Optimised Model"
"1090",20.4440175584761,430,"Optimised Model"
"1091",20.4886609584761,431,"Optimised Model"
"1092",20.5333043584761,432,"Optimised Model"
"1093",20.5779477584761,433,"Optimised Model"
"1094",20.6160191140317,434,"Optimised Model"
"1095",20.6540904695872,435,"Optimised Model"
"1096",20.6921618251428,436,"Optimised Model"
"1097",20.7302331806983,437,"Optimised Model"
"1098",20.7683045362539,438,"Optimised Model"
"1099",20.8063758918094,439,"Optimised Model"
"1100",20.844447247365,440,"Optimised Model"
"1101",20.8825186029205,441,"Optimised Model"
"1102",20.9205899584761,442,"Optimised Model"
"1103",20.9586613140317,443,"Optimised Model"
"1104",20.9967326695872,444,"Optimised Model"
"1105",21.0348040251428,445,"Optimised Model"
"1106",20.8881683876191,446,"Optimised Model"
"1107",20.7415327500953,447,"Optimised Model"
"1108",20.5948971125716,448,"Optimised Model"
"1109",20.4482614750479,449,"Optimised Model"
"1110",20.3016258375242,450,"Optimised Model"
"1111",20.1549902000005,451,"Optimised Model"
"1112",20.0083545624768,452,"Optimised Model"
"1113",19.8617189249531,453,"Optimised Model"
"1114",19.9067113471753,454,"Optimised Model"
"1115",19.9525841916197,455,"Optimised Model"
"1116",19.9973959916197,456,"Optimised Model"
"1117",20.0416393027309,457,"Optimised Model"
"1118",20.085882613842,458,"Optimised Model"
"1119",20.1301259249531,459,"Optimised Model"
"1120",20.1743692360642,460,"Optimised Model"
"1121",20.2186125471753,461,"Optimised Model"
"1122",20.2628558582864,462,"Optimised Model"
"1123",20.3070991693975,463,"Optimised Model"
"1124",20.3513424805086,464,"Optimised Model"
"1125",20.3955857916197,465,"Optimised Model"
"1126",20.4398291027308,466,"Optimised Model"
"1127",20.484072413842,467,"Optimised Model"
"1128",20.5261559916197,468,"Optimised Model"
"1129",20.5682395693975,469,"Optimised Model"
"1130",20.6103231471753,470,"Optimised Model"
"1131",20.6524067249531,471,"Optimised Model"
"1132",20.6944903027308,472,"Optimised Model"
"1133",20.7365738805086,473,"Optimised Model"
"1134",20.7786574582864,474,"Optimised Model"
"1135",20.8207410360642,475,"Optimised Model"
"1136",20.8628246138419,476,"Optimised Model"
"1137",20.9049081916197,477,"Optimised Model"
"1138",20.9469917693975,478,"Optimised Model"
"1139",20.9890753471753,479,"Optimised Model"
"1140",21.0311589249531,480,"Optimised Model"
"1141",20.9116168796219,481,"Optimised Model"
"1142",20.7920748342908,482,"Optimised Model"
"1143",20.6725327889596,483,"Optimised Model"
"1144",20.5529907436285,484,"Optimised Model"
"1145",20.4334486982973,485,"Optimised Model"
"1146",20.3139066529662,486,"Optimised Model"
"1147",20.194364607635,487,"Optimised Model"
"1148",20.0748225623039,488,"Optimised Model"
"1149",19.9552805169728,489,"Optimised Model"
"1150",19.8357384716416,490,"Optimised Model"
"1151",19.7161964263105,491,"Optimised Model"
"1152",19.5966543809793,492,"Optimised Model"
"1153",19.4771123356482,493,"Optimised Model"
"1154",19.357570290317,494,"Optimised Model"
"1155",19.2380282449859,495,"Optimised Model"
"1156",19.159272009146,496,"Optimised Model"
"1157",19.0805157733062,497,"Optimised Model"
"1158",19.0017595374663,498,"Optimised Model"
"1159",18.9230033016264,499,"Optimised Model"
"1160",18.8442470657866,500,"Optimised Model"
"1161",18.7654908299467,501,"Optimised Model"
"1162",18.6867345941068,502,"Optimised Model"
"1163",18.6079783582669,503,"Optimised Model"
"1164",18.5292221224271,504,"Optimised Model"
"1165",18.4504658865872,505,"Optimised Model"
"1166",18.3717096507473,506,"Optimised Model"
"1167",18.2929534149075,507,"Optimised Model"
"1168",18.2141971790676,508,"Optimised Model"
"1169",18.1354409432277,509,"Optimised Model"
"1170",18.0566847073879,510,"Optimised Model"
"1171",18.0043759612757,511,"Optimised Model"
"1172",17.9520672151636,512,"Optimised Model"
"1173",17.8997584690514,513,"Optimised Model"
"1174",17.8474497229393,514,"Optimised Model"
"1175",17.7951409768272,515,"Optimised Model"
"1176",17.742832230715,516,"Optimised Model"
"1177",17.6905234846029,517,"Optimised Model"
"1178",17.6382147384907,518,"Optimised Model"
"1179",17.5859059923786,519,"Optimised Model"
"1180",17.5335972462665,520,"Optimised Model"
"1181",17.4812885001543,521,"Optimised Model"
"1182",17.4289797540422,522,"Optimised Model"
"1183",17.3766710079301,523,"Optimised Model"
"1184",17.3243622618179,524,"Optimised Model"
"1185",17.2720535157058,525,"Optimised Model"
"1186",17.2406272565642,526,"Optimised Model"
"1187",17.2092009974226,527,"Optimised Model"
"1188",17.177774738281,528,"Optimised Model"
"1189",17.1463484791394,529,"Optimised Model"
"1190",17.1149222199978,530,"Optimised Model"
"1191",17.0834959608562,531,"Optimised Model"
"1192",17.0520697017146,532,"Optimised Model"
"1193",17.020643442573,533,"Optimised Model"
"1194",16.9892171834314,534,"Optimised Model"
"1195",16.9577909242898,535,"Optimised Model"
"1196",16.9263646651482,536,"Optimised Model"
"1197",16.8949384060066,537,"Optimised Model"
"1198",16.863512146865,538,"Optimised Model"
"1199",16.8320858877234,539,"Optimised Model"
"1200",16.8006596285818,540,"Optimised Model"
"1201",16.7713032420298,541,"Optimised Model"
"1202",16.7419468554778,542,"Optimised Model"
"1203",16.7125904689258,543,"Optimised Model"
"1204",16.6832340823738,544,"Optimised Model"
"1205",16.6538776958218,545,"Optimised Model"
"1206",16.6245213092698,546,"Optimised Model"
"1207",16.5481145302135,547,"Optimised Model"
"1208",16.4717077511571,548,"Optimised Model"
"1209",16.3953009721007,549,"Optimised Model"
"1210",16.3188941930444,550,"Optimised Model"
"1211",16.242487413988,551,"Optimised Model"
"1212",16.1660806349317,552,"Optimised Model"
"1213",16.3213096349317,553,"Optimised Model"
"1214",16.4765386349317,554,"Optimised Model"
"1215",16.6317676349317,555,"Optimised Model"
"1216",16.7869966349317,556,"Optimised Model"
"1217",16.9422256349317,557,"Optimised Model"
"1218",17.0974546349317,558,"Optimised Model"
"1219",17.2526836349317,559,"Optimised Model"
"1220",17.4079126349317,560,"Optimised Model"
"1221",17.5631416349317,561,"Optimised Model"
"1222",17.7183706349317,562,"Optimised Model"
"1223",17.8735996349317,563,"Optimised Model"
"1224",18.0288286349317,564,"Optimised Model"
"1225",18.1840576349317,565,"Optimised Model"
"1226",18.3392866349316,566,"Optimised Model"
"1227",18.3980967904872,567,"Optimised Model"
"1228",18.4569069460428,568,"Optimised Model"
"1229",18.5157171015983,569,"Optimised Model"
"1230",18.5745272571539,570,"Optimised Model"
"1231",18.6333374127094,571,"Optimised Model"
"1232",18.692147568265,572,"Optimised Model"
"1233",18.7509577238205,573,"Optimised Model"
"1234",18.8097678793761,574,"Optimised Model"
"1235",18.8685780349316,575,"Optimised Model"
"1236",18.9273881904872,576,"Optimised Model"
"1237",18.9861983460428,577,"Optimised Model"
"1238",19.0450085015983,578,"Optimised Model"
"1239",19.1038186571539,579,"Optimised Model"
"1240",19.1626288127094,580,"Optimised Model"
"1241",19.221438968265,581,"Optimised Model"
"1242",19.2703493238205,582,"Optimised Model"
"1243",19.3192596793761,583,"Optimised Model"
"1244",19.3681700349316,584,"Optimised Model"
"1245",19.4170803904872,585,"Optimised Model"
"1246",19.4659907460428,586,"Optimised Model"
"1247",19.5149011015983,587,"Optimised Model"
"1248",19.5638114571539,588,"Optimised Model"
"1249",19.6127218127094,589,"Optimised Model"
"1250",19.661632168265,590,"Optimised Model"
"1251",19.7105425238205,591,"Optimised Model"
"1252",19.7594528793761,592,"Optimised Model"
"1253",19.8083632349317,593,"Optimised Model"
"1254",19.8572735904872,594,"Optimised Model"
"1255",19.9061839460428,595,"Optimised Model"
"1256",19.9550943015983,596,"Optimised Model"
"1257",19.9977969238205,597,"Optimised Model"
"1258",20.0404995460428,598,"Optimised Model"
"1259",20.083202168265,599,"Optimised Model"
"1260",20.0067953892086,600,"Optimised Model"
"1261",19.9303886101523,601,"Optimised Model"
"1262",19.9701705434856,602,"Optimised Model"
"1263",20.0119218768189,603,"Optimised Model"
"1264",20.0536732101523,604,"Optimised Model"
"1265",20.0954245434856,605,"Optimised Model"
"1266",20.1371758768189,606,"Optimised Model"
"1267",20.1789272101523,607,"Optimised Model"
"1268",20.2206785434856,608,"Optimised Model"
"1269",20.2624298768189,609,"Optimised Model"
"1270",20.3041812101523,610,"Optimised Model"
"1271",20.3459325434856,611,"Optimised Model"
"1272",20.3876838768189,612,"Optimised Model"
"1273",20.4294352101523,613,"Optimised Model"
"1274",20.4711865434856,614,"Optimised Model"
"1275",20.5129378768189,615,"Optimised Model"
"1276",20.5545986323745,616,"Optimised Model"
"1277",20.5962593879301,617,"Optimised Model"
"1278",20.6379201434856,618,"Optimised Model"
"1279",20.6795808990412,619,"Optimised Model"
"1280",20.7212416545967,620,"Optimised Model"
"1281",20.7629024101523,621,"Optimised Model"
"1282",20.8045631657078,622,"Optimised Model"
"1283",20.8462239212634,623,"Optimised Model"
"1284",20.8878846768189,624,"Optimised Model"
"1285",20.9295454323745,625,"Optimised Model"
"1286",20.97120618793,626,"Optimised Model"
"1287",21.0128669434856,627,"Optimised Model"
"1288",20.8225197652956,628,"Optimised Model"
"1289",20.6321725871056,629,"Optimised Model"
"1290",20.4418254089156,630,"Optimised Model"
"1291",20.2514782307255,631,"Optimised Model"
"1292",20.0611310525355,632,"Optimised Model"
"1293",19.8707838743455,633,"Optimised Model"
"1294",19.9101098076789,634,"Optimised Model"
"1295",19.9506744076789,635,"Optimised Model"
"1296",19.9917252965677,636,"Optimised Model"
"1297",20.0368794076788,637,"Optimised Model"
"1298",20.08203351879,638,"Optimised Model"
"1299",20.1271876299011,639,"Optimised Model"
"1300",20.1723417410122,640,"Optimised Model"
"1301",20.2174958521233,641,"Optimised Model"
"1302",20.2626499632344,642,"Optimised Model"
"1303",20.3078040743455,643,"Optimised Model"
"1304",20.3529581854566,644,"Optimised Model"
"1305",20.3981122965677,645,"Optimised Model"
"1306",20.4432664076788,646,"Optimised Model"
"1307",20.4884205187899,647,"Optimised Model"
"1308",20.5298898521233,648,"Optimised Model"
"1309",20.5713591854566,649,"Optimised Model"
"1310",20.6128285187899,650,"Optimised Model"
"1311",20.6542978521233,651,"Optimised Model"
"1312",20.6957671854566,652,"Optimised Model"
"1313",20.7372365187899,653,"Optimised Model"
"1314",20.7787058521233,654,"Optimised Model"
"1315",20.8201751854566,655,"Optimised Model"
"1316",20.8616445187899,656,"Optimised Model"
"1317",20.9031138521233,657,"Optimised Model"
"1318",20.9445831854566,658,"Optimised Model"
"1319",20.9860525187899,659,"Optimised Model"
"1320",21.0275218521233,660,"Optimised Model"
